NET,Predicted PSNR,Valid PSNR,Params,FLOPs
"[5, 7, 6, 7, 4, 3, 4, 3, 1, 3, 2, 0, 5, 3, 6, 2, 6, 5, 7, 7, 5, 6, 2, 0, 1, 1, 5, 5]",33.83783481,35.35825348,180704,741031936
"[4, 7, 6, 7, 4, 3, 4, 4, 1, 3, 2, 0, 5, 4, 6, 2, 6, 4, 7, 7, 5, 6, 2, 0, 1, 1, 4, 5]",33.36884135,34.56409836,9856,40800256
"[4, 7, 6, 7, 4, 3, 4, 4, 1, 4, 2, 0, 5, 4, 6, 2, 7, 5, 6, 7, 5, 6, 2, 0, 1, 0, 4, 5]",33.0613274,34.26384354,7472,31363072
"[4, 7, 6, 7, 7, 3, 6, 7, 3, 3, 1, 0, 4, 7, 5, 1, 7, 5, 7, 7, 5, 6, 1, 0, 0, 1, 4, 4]",31.01106855,33.65936661,3088,13565952
"[4, 7, 6, 7, 4, 3, 4, 3, 1, 3, 2, 0, 5, 4, 6, 2, 6, 5, 6, 7, 5, 6, 2, 0, 1, 1, 5, 5]",33.56754944,34.10596276,27376,112726016
"[4, 7, 6, 7, 4, 3, 4, 4, 1, 3, 2, 0, 5, 4, 6, 2, 7, 5, 6, 7, 5, 6, 2, 0, 1, 1, 5, 5]",33.398227,33.47865677,12864,53252096
"[4, 7, 6, 7, 4, 3, 4, 4, 1, 4, 2, 0, 5, 4, 6, 2, 7, 2, 7, 7, 5, 6, 2, 0, 0, 1, 4, 5]",32.4893383,34.36985397,7200,30215168
"[4, 7, 6, 7, 4, 3, 4, 3, 1, 3, 2, 0, 5, 4, 6, 2, 6, 5, 7, 7, 5, 6, 2, 0, 1, 1, 5, 5]",33.64239816,34.15458425,29696,122195968
"[4, 7, 6, 7, 4, 3, 4, 3, 0, 3, 2, 0, 5, 4, 6, 2, 6, 5, 7, 7, 5, 6, 2, 0, 1, 1, 5, 5]",33.53886435,34.38047409,21504,88641536
"[4, 7, 6, 7, 4, 3, 4, 4, 1, 3, 2, 0, 5, 4, 6, 2, 6, 4, 7, 7, 5, 6, 2, 0, 1, 1, 5, 5]",33.47749583,33.70558357,13952,57577472
"[4, 7, 6, 7, 4, 3, 4, 4, 1, 3, 2, 0, 5, 4, 6, 2, 7, 5, 7, 7, 5, 6, 2, 0, 1, 1, 4, 5]",33.3478149,34.12910461,8768,36474880
"[4, 7, 6, 7, 4, 3, 4, 4, 1, 4, 2, 0, 5, 4, 6, 2, 7, 5, 7, 7, 5, 6, 2, 0, 1, 0, 4, 5]",33.1235906,34.46951294,7472,31363072
"[4, 7, 6, 7, 7, 3, 6, 7, 3, 3, 1, 0, 4, 7, 5, 1, 7, 5, 6, 7, 5, 1, 1, 0, 0, 1, 4, 4]",30.79248099,33.40761566,3088,13565952
